brand_raw,model_raw,fuel_type_raw,normalized_brand,normalized_model,model_group,needs_mapping,first_seen_month,last_seen_month,registrations_last_month,registrations_ytd,registrations_12m,source_name,source_url
VOLVO,EX/XC40,EL,volvo,ex xc40,VOLVO EX/XC40,True,2026-03-01,2026-03-01,988,2945,,Mobility Sweden,https://mobilitysweden.se/storage/81E8AFE482952820F871DF61E1942405AEA9BAA33CB01B8B6DB077866E558013/43a58d8238c241c8a43e6efde0629b36/xlsx/media/ae97b865004b44fe86200f89e143f639/M%C3%A5nadsrapport%20Nyregistreringar%20mars%202026.xlsx
TESLA,MODEL Y,EL,tesla,model y,,False,2026-03-01,2026-03-01,1382,2412,,Mobility Sweden,https://mobilitysweden.se/storage/81E8AFE482952820F871DF61E1942405AEA9BAA33CB01B8B6DB077866E558013/43a58d8238c241c8a43e6efde0629b36/xlsx/media/ae97b865004b44fe86200f89e143f639/M%C3%A5nadsrapport%20Nyregistreringar%20mars%202026.xlsx
VOLVO,EX30,EL,volvo,ex30,,False,2026-03-01,2026-03-01,592,1494,,Mobility Sweden,https://mobilitysweden.se/storage/81E8AFE482952820F871DF61E1942405AEA9BAA33CB01B8B6DB077866E558013/43a58d8238c241c8a43e6efde0629b36/xlsx/media/ae97b865004b44fe86200f89e143f639/M%C3%A5nadsrapport%20Nyregistreringar%20mars%202026.xlsx
VW,ID.7/ID.7 TOURER,EL,volkswagen,id 7 id 7 tourer,VW ID.7/ID.7 TOURER,True,2026-03-01,2026-03-01,548,1436,,Mobility Sweden,https://mobilitysweden.se/storage/81E8AFE482952820F871DF61E1942405AEA9BAA33CB01B8B6DB077866E558013/43a58d8238c241c8a43e6efde0629b36/xlsx/media/ae97b865004b44fe86200f89e143f639/M%C3%A5nadsrapport%20Nyregistreringar%20mars%202026.xlsx
POLESTAR,4,EL,polestar,4,,False,2026-03-01,2026-03-01,496,1306,,Mobility Sweden,https://mobilitysweden.se/storage/81E8AFE482952820F871DF61E1942405AEA9BAA33CB01B8B6DB077866E558013/43a58d8238c241c8a43e6efde0629b36/xlsx/media/ae97b865004b44fe86200f89e143f639/M%C3%A5nadsrapport%20Nyregistreringar%20mars%202026.xlsx
KIA,EV3,EL,kia,ev3,,False,2026-03-01,2026-03-01,422,980,,Mobility Sweden,https://mobilitysweden.se/storage/81E8AFE482952820F871DF61E1942405AEA9BAA33CB01B8B6DB077866E558013/43a58d8238c241c8a43e6efde0629b36/xlsx/media/ae97b865004b44fe86200f89e143f639/M%C3%A5nadsrapport%20Nyregistreringar%20mars%202026.xlsx
TOYOTA,BZ4X,EL,toyota,bz4x,,False,2026-03-01,2026-03-01,263,877,,Mobility Sweden,https://mobilitysweden.se/storage/81E8AFE482952820F871DF61E1942405AEA9BAA33CB01B8B6DB077866E558013/43a58d8238c241c8a43e6efde0629b36/xlsx/media/ae97b865004b44fe86200f89e143f639/M%C3%A5nadsrapport%20Nyregistreringar%20mars%202026.xlsx
KIA,EV5,EL,kia,ev5,,False,2026-03-01,2026-03-01,340,871,,Mobility Sweden,https://mobilitysweden.se/storage/81E8AFE482952820F871DF61E1942405AEA9BAA33CB01B8B6DB077866E558013/43a58d8238c241c8a43e6efde0629b36/xlsx/media/ae97b865004b44fe86200f89e143f639/M%C3%A5nadsrapport%20Nyregistreringar%20mars%202026.xlsx
SKODA,ENYAQ,EL,skoda,enyaq,,False,2026-03-01,2026-03-01,219,734,,Mobility Sweden,https://mobilitysweden.se/storage/81E8AFE482952820F871DF61E1942405AEA9BAA33CB01B8B6DB077866E558013/43a58d8238c241c8a43e6efde0629b36/xlsx/media/ae97b865004b44fe86200f89e143f639/M%C3%A5nadsrapport%20Nyregistreringar%20mars%202026.xlsx
VW,ID.4,EL,volkswagen,id 4,,False,2026-03-01,2026-03-01,295,710,,Mobility Sweden,https://mobilitysweden.se/storage/81E8AFE482952820F871DF61E1942405AEA9BAA33CB01B8B6DB077866E558013/43a58d8238c241c8a43e6efde0629b36/xlsx/media/ae97b865004b44fe86200f89e143f639/M%C3%A5nadsrapport%20Nyregistreringar%20mars%202026.xlsx
VOLVO,EC/C40,EL,volvo,ec c40,VOLVO EC/C40,True,2026-03-01,2026-03-01,241,594,,Mobility Sweden,https://mobilitysweden.se/storage/81E8AFE482952820F871DF61E1942405AEA9BAA33CB01B8B6DB077866E558013/43a58d8238c241c8a43e6efde0629b36/xlsx/media/ae97b865004b44fe86200f89e143f639/M%C3%A5nadsrapport%20Nyregistreringar%20mars%202026.xlsx
KIA,EV9,EL,kia,ev9,,False,2026-03-01,2026-03-01,199,573,,Mobility Sweden,https://mobilitysweden.se/storage/81E8AFE482952820F871DF61E1942405AEA9BAA33CB01B8B6DB077866E558013/43a58d8238c241c8a43e6efde0629b36/xlsx/media/ae97b865004b44fe86200f89e143f639/M%C3%A5nadsrapport%20Nyregistreringar%20mars%202026.xlsx
MERCEDES,EQA,EL,mercedes benz,eqa,,False,2026-03-01,2026-03-01,288,556,,Mobility Sweden,https://mobilitysweden.se/storage/81E8AFE482952820F871DF61E1942405AEA9BAA33CB01B8B6DB077866E558013/43a58d8238c241c8a43e6efde0629b36/xlsx/media/ae97b865004b44fe86200f89e143f639/M%C3%A5nadsrapport%20Nyregistreringar%20mars%202026.xlsx
RENAULT,5,EL,renault,5,,False,2026-03-01,2026-03-01,196,552,,Mobility Sweden,https://mobilitysweden.se/storage/81E8AFE482952820F871DF61E1942405AEA9BAA33CB01B8B6DB077866E558013/43a58d8238c241c8a43e6efde0629b36/xlsx/media/ae97b865004b44fe86200f89e143f639/M%C3%A5nadsrapport%20Nyregistreringar%20mars%202026.xlsx
BMW,IX1,EL,bmw,ix1,,False,2026-03-01,2026-03-01,198,477,,Mobility Sweden,https://mobilitysweden.se/storage/81E8AFE482952820F871DF61E1942405AEA9BAA33CB01B8B6DB077866E558013/43a58d8238c241c8a43e6efde0629b36/xlsx/media/ae97b865004b44fe86200f89e143f639/M%C3%A5nadsrapport%20Nyregistreringar%20mars%202026.xlsx
MERCEDES,CLA,EL,mercedes benz,cla,,False,2026-03-01,2026-03-01,204,460,,Mobility Sweden,https://mobilitysweden.se/storage/81E8AFE482952820F871DF61E1942405AEA9BAA33CB01B8B6DB077866E558013/43a58d8238c241c8a43e6efde0629b36/xlsx/media/ae97b865004b44fe86200f89e143f639/M%C3%A5nadsrapport%20Nyregistreringar%20mars%202026.xlsx
TESLA,MODEL 3,EL,tesla,model 3,,False,2026-03-01,2026-03-01,397,424,,Mobility Sweden,https://mobilitysweden.se/storage/81E8AFE482952820F871DF61E1942405AEA9BAA33CB01B8B6DB077866E558013/43a58d8238c241c8a43e6efde0629b36/xlsx/media/ae97b865004b44fe86200f89e143f639/M%C3%A5nadsrapport%20Nyregistreringar%20mars%202026.xlsx
BMW,IX3,EL,bmw,ix3,,False,2026-03-01,2026-03-01,318,341,,Mobility Sweden,https://mobilitysweden.se/storage/81E8AFE482952820F871DF61E1942405AEA9BAA33CB01B8B6DB077866E558013/43a58d8238c241c8a43e6efde0629b36/xlsx/media/ae97b865004b44fe86200f89e143f639/M%C3%A5nadsrapport%20Nyregistreringar%20mars%202026.xlsx
KIA,EV6,EL,kia,ev6,,False,2026-03-01,2026-03-01,127,335,,Mobility Sweden,https://mobilitysweden.se/storage/81E8AFE482952820F871DF61E1942405AEA9BAA33CB01B8B6DB077866E558013/43a58d8238c241c8a43e6efde0629b36/xlsx/media/ae97b865004b44fe86200f89e143f639/M%C3%A5nadsrapport%20Nyregistreringar%20mars%202026.xlsx
AUDI,Q4 E-TRON,EL,audi,q4 e tron,,False,2026-03-01,2026-03-01,150,324,,Mobility Sweden,https://mobilitysweden.se/storage/81E8AFE482952820F871DF61E1942405AEA9BAA33CB01B8B6DB077866E558013/43a58d8238c241c8a43e6efde0629b36/xlsx/media/ae97b865004b44fe86200f89e143f639/M%C3%A5nadsrapport%20Nyregistreringar%20mars%202026.xlsx
AUDI,A6 E-TRON,EL,audi,a6 e tron,,False,2026-03-01,2026-03-01,127,304,,Mobility Sweden,https://mobilitysweden.se/storage/81E8AFE482952820F871DF61E1942405AEA9BAA33CB01B8B6DB077866E558013/43a58d8238c241c8a43e6efde0629b36/xlsx/media/ae97b865004b44fe86200f89e143f639/M%C3%A5nadsrapport%20Nyregistreringar%20mars%202026.xlsx
BMW,I4,EL,bmw,i4,,False,2026-03-01,2026-03-01,129,300,,Mobility Sweden,https://mobilitysweden.se/storage/81E8AFE482952820F871DF61E1942405AEA9BAA33CB01B8B6DB077866E558013/43a58d8238c241c8a43e6efde0629b36/xlsx/media/ae97b865004b44fe86200f89e143f639/M%C3%A5nadsrapport%20Nyregistreringar%20mars%202026.xlsx
BMW,I5,EL,bmw,i5,,False,2026-03-01,2026-03-01,128,292,,Mobility Sweden,https://mobilitysweden.se/storage/81E8AFE482952820F871DF61E1942405AEA9BAA33CB01B8B6DB077866E558013/43a58d8238c241c8a43e6efde0629b36/xlsx/media/ae97b865004b44fe86200f89e143f639/M%C3%A5nadsrapport%20Nyregistreringar%20mars%202026.xlsx
VW,ID.3,EL,volkswagen,id 3,,False,2026-03-01,2026-03-01,82,284,,Mobility Sweden,https://mobilitysweden.se/storage/81E8AFE482952820F871DF61E1942405AEA9BAA33CB01B8B6DB077866E558013/43a58d8238c241c8a43e6efde0629b36/xlsx/media/ae97b865004b44fe86200f89e143f639/M%C3%A5nadsrapport%20Nyregistreringar%20mars%202026.xlsx
FORD,EXPLORER,EL,ford,explorer,,False,2026-03-01,2026-03-01,116,276,,Mobility Sweden,https://mobilitysweden.se/storage/81E8AFE482952820F871DF61E1942405AEA9BAA33CB01B8B6DB077866E558013/43a58d8238c241c8a43e6efde0629b36/xlsx/media/ae97b865004b44fe86200f89e143f639/M%C3%A5nadsrapport%20Nyregistreringar%20mars%202026.xlsx
CUPRA,BORN,EL,cupra,born,,False,2026-03-01,2026-03-01,87,274,,Mobility Sweden,https://mobilitysweden.se/storage/81E8AFE482952820F871DF61E1942405AEA9BAA33CB01B8B6DB077866E558013/43a58d8238c241c8a43e6efde0629b36/xlsx/media/ae97b865004b44fe86200f89e143f639/M%C3%A5nadsrapport%20Nyregistreringar%20mars%202026.xlsx
ZEEKR,7X,EL,zeekr,7x,,False,2026-03-01,2026-03-01,129,251,,Mobility Sweden,https://mobilitysweden.se/storage/81E8AFE482952820F871DF61E1942405AEA9BAA33CB01B8B6DB077866E558013/43a58d8238c241c8a43e6efde0629b36/xlsx/media/ae97b865004b44fe86200f89e143f639/M%C3%A5nadsrapport%20Nyregistreringar%20mars%202026.xlsx
AUDI,Q6 E-TRON,EL,audi,q6 e tron,,False,2026-03-01,2026-03-01,111,247,,Mobility Sweden,https://mobilitysweden.se/storage/81E8AFE482952820F871DF61E1942405AEA9BAA33CB01B8B6DB077866E558013/43a58d8238c241c8a43e6efde0629b36/xlsx/media/ae97b865004b44fe86200f89e143f639/M%C3%A5nadsrapport%20Nyregistreringar%20mars%202026.xlsx
KIA,EV4,EL,kia,ev4,,False,2026-03-01,2026-03-01,130,228,,Mobility Sweden,https://mobilitysweden.se/storage/81E8AFE482952820F871DF61E1942405AEA9BAA33CB01B8B6DB077866E558013/43a58d8238c241c8a43e6efde0629b36/xlsx/media/ae97b865004b44fe86200f89e143f639/M%C3%A5nadsrapport%20Nyregistreringar%20mars%202026.xlsx
POLESTAR,2,EL,polestar,2,,False,2026-03-01,2026-03-01,90,226,,Mobility Sweden,https://mobilitysweden.se/storage/81E8AFE482952820F871DF61E1942405AEA9BAA33CB01B8B6DB077866E558013/43a58d8238c241c8a43e6efde0629b36/xlsx/media/ae97b865004b44fe86200f89e143f639/M%C3%A5nadsrapport%20Nyregistreringar%20mars%202026.xlsx
VOLVO,ES90,EL,volvo,es90,,False,2026-03-01,2026-03-01,27,215,,Mobility Sweden,https://mobilitysweden.se/storage/81E8AFE482952820F871DF61E1942405AEA9BAA33CB01B8B6DB077866E558013/43a58d8238c241c8a43e6efde0629b36/xlsx/media/ae97b865004b44fe86200f89e143f639/M%C3%A5nadsrapport%20Nyregistreringar%20mars%202026.xlsx
MAZDA,6E,EL,mazda,6e,,False,2026-03-01,2026-03-01,117,202,,Mobility Sweden,https://mobilitysweden.se/storage/81E8AFE482952820F871DF61E1942405AEA9BAA33CB01B8B6DB077866E558013/43a58d8238c241c8a43e6efde0629b36/xlsx/media/ae97b865004b44fe86200f89e143f639/M%C3%A5nadsrapport%20Nyregistreringar%20mars%202026.xlsx
SKODA,ELROQ,EL,skoda,elroq,,False,2026-03-01,2026-03-01,75,195,,Mobility Sweden,https://mobilitysweden.se/storage/81E8AFE482952820F871DF61E1942405AEA9BAA33CB01B8B6DB077866E558013/43a58d8238c241c8a43e6efde0629b36/xlsx/media/ae97b865004b44fe86200f89e143f639/M%C3%A5nadsrapport%20Nyregistreringar%20mars%202026.xlsx
RENAULT,SCENIC,EL,renault,scenic,,False,2026-03-01,2026-03-01,95,179,,Mobility Sweden,https://mobilitysweden.se/storage/81E8AFE482952820F871DF61E1942405AEA9BAA33CB01B8B6DB077866E558013/43a58d8238c241c8a43e6efde0629b36/xlsx/media/ae97b865004b44fe86200f89e143f639/M%C3%A5nadsrapport%20Nyregistreringar%20mars%202026.xlsx
VW,ID. BUZZ,EL,volkswagen,id buzz,,False,2026-03-01,2026-03-01,77,155,,Mobility Sweden,https://mobilitysweden.se/storage/81E8AFE482952820F871DF61E1942405AEA9BAA33CB01B8B6DB077866E558013/43a58d8238c241c8a43e6efde0629b36/xlsx/media/ae97b865004b44fe86200f89e143f639/M%C3%A5nadsrapport%20Nyregistreringar%20mars%202026.xlsx
VOLVO,EX90,EL,volvo,ex90,,False,2026-03-01,2026-03-01,39,141,,Mobility Sweden,https://mobilitysweden.se/storage/81E8AFE482952820F871DF61E1942405AEA9BAA33CB01B8B6DB077866E558013/43a58d8238c241c8a43e6efde0629b36/xlsx/media/ae97b865004b44fe86200f89e143f639/M%C3%A5nadsrapport%20Nyregistreringar%20mars%202026.xlsx
BMW,IX,EL,bmw,ix,,False,2026-03-01,2026-03-01,58,128,,Mobility Sweden,https://mobilitysweden.se/storage/81E8AFE482952820F871DF61E1942405AEA9BAA33CB01B8B6DB077866E558013/43a58d8238c241c8a43e6efde0629b36/xlsx/media/ae97b865004b44fe86200f89e143f639/M%C3%A5nadsrapport%20Nyregistreringar%20mars%202026.xlsx
MG,MG4 ELECTRIC,EL,mg,mg4 electric,,False,2026-03-01,2026-03-01,62,127,,Mobility Sweden,https://mobilitysweden.se/storage/81E8AFE482952820F871DF61E1942405AEA9BAA33CB01B8B6DB077866E558013/43a58d8238c241c8a43e6efde0629b36/xlsx/media/ae97b865004b44fe86200f89e143f639/M%C3%A5nadsrapport%20Nyregistreringar%20mars%202026.xlsx
MERCEDES,EQE,EL,mercedes benz,eqe,,False,2026-03-01,2026-03-01,39,124,,Mobility Sweden,https://mobilitysweden.se/storage/81E8AFE482952820F871DF61E1942405AEA9BAA33CB01B8B6DB077866E558013/43a58d8238c241c8a43e6efde0629b36/xlsx/media/ae97b865004b44fe86200f89e143f639/M%C3%A5nadsrapport%20Nyregistreringar%20mars%202026.xlsx
POLESTAR,3,EL,polestar,3,,False,2026-03-01,2026-03-01,42,112,,Mobility Sweden,https://mobilitysweden.se/storage/81E8AFE482952820F871DF61E1942405AEA9BAA33CB01B8B6DB077866E558013/43a58d8238c241c8a43e6efde0629b36/xlsx/media/ae97b865004b44fe86200f89e143f639/M%C3%A5nadsrapport%20Nyregistreringar%20mars%202026.xlsx
LEXUS,RZ,EL,lexus,rz,,False,2026-03-01,2026-03-01,45,108,,Mobility Sweden,https://mobilitysweden.se/storage/81E8AFE482952820F871DF61E1942405AEA9BAA33CB01B8B6DB077866E558013/43a58d8238c241c8a43e6efde0629b36/xlsx/media/ae97b865004b44fe86200f89e143f639/M%C3%A5nadsrapport%20Nyregistreringar%20mars%202026.xlsx
TOYOTA,C-HR+,EL,toyota,c hr,,False,2026-03-01,2026-03-01,106,106,,Mobility Sweden,https://mobilitysweden.se/storage/81E8AFE482952820F871DF61E1942405AEA9BAA33CB01B8B6DB077866E558013/43a58d8238c241c8a43e6efde0629b36/xlsx/media/ae97b865004b44fe86200f89e143f639/M%C3%A5nadsrapport%20Nyregistreringar%20mars%202026.xlsx
XPENG,G6,EL,xpeng,g6,,False,2026-03-01,2026-03-01,49,101,,Mobility Sweden,https://mobilitysweden.se/storage/81E8AFE482952820F871DF61E1942405AEA9BAA33CB01B8B6DB077866E558013/43a58d8238c241c8a43e6efde0629b36/xlsx/media/ae97b865004b44fe86200f89e143f639/M%C3%A5nadsrapport%20Nyregistreringar%20mars%202026.xlsx
MERCEDES,EQB,EL,mercedes benz,eqb,,False,2026-03-01,2026-03-01,26,99,,Mobility Sweden,https://mobilitysweden.se/storage/81E8AFE482952820F871DF61E1942405AEA9BAA33CB01B8B6DB077866E558013/43a58d8238c241c8a43e6efde0629b36/xlsx/media/ae97b865004b44fe86200f89e143f639/M%C3%A5nadsrapport%20Nyregistreringar%20mars%202026.xlsx
SUBARU,SOLTERRA,EL,subaru,solterra,,False,2026-03-01,2026-03-01,34,95,,Mobility Sweden,https://mobilitysweden.se/storage/81E8AFE482952820F871DF61E1942405AEA9BAA33CB01B8B6DB077866E558013/43a58d8238c241c8a43e6efde0629b36/xlsx/media/ae97b865004b44fe86200f89e143f639/M%C3%A5nadsrapport%20Nyregistreringar%20mars%202026.xlsx
PORSCHE,MACAN,EL,porsche,macan,,False,2026-03-01,2026-03-01,32,94,,Mobility Sweden,https://mobilitysweden.se/storage/81E8AFE482952820F871DF61E1942405AEA9BAA33CB01B8B6DB077866E558013/43a58d8238c241c8a43e6efde0629b36/xlsx/media/ae97b865004b44fe86200f89e143f639/M%C3%A5nadsrapport%20Nyregistreringar%20mars%202026.xlsx
MINI,COUNTRYMAN,EL,mini,countryman,,False,2026-03-01,2026-03-01,42,93,,Mobility Sweden,https://mobilitysweden.se/storage/81E8AFE482952820F871DF61E1942405AEA9BAA33CB01B8B6DB077866E558013/43a58d8238c241c8a43e6efde0629b36/xlsx/media/ae97b865004b44fe86200f89e143f639/M%C3%A5nadsrapport%20Nyregistreringar%20mars%202026.xlsx
RENAULT,4,EL,renault,4,,False,2026-03-01,2026-03-01,39,92,,Mobility Sweden,https://mobilitysweden.se/storage/81E8AFE482952820F871DF61E1942405AEA9BAA33CB01B8B6DB077866E558013/43a58d8238c241c8a43e6efde0629b36/xlsx/media/ae97b865004b44fe86200f89e143f639/M%C3%A5nadsrapport%20Nyregistreringar%20mars%202026.xlsx
VOLVO,ÖVRIGA,EL,volvo,ovriga,VOLVO ÖVRIGA,True,2026-03-01,2026-03-01,77,92,,Mobility Sweden,https://mobilitysweden.se/storage/81E8AFE482952820F871DF61E1942405AEA9BAA33CB01B8B6DB077866E558013/43a58d8238c241c8a43e6efde0629b36/xlsx/media/ae97b865004b44fe86200f89e143f639/M%C3%A5nadsrapport%20Nyregistreringar%20mars%202026.xlsx
BMW,IX2,EL,bmw,ix2,,False,2026-03-01,2026-03-01,31,91,,Mobility Sweden,https://mobilitysweden.se/storage/81E8AFE482952820F871DF61E1942405AEA9BAA33CB01B8B6DB077866E558013/43a58d8238c241c8a43e6efde0629b36/xlsx/media/ae97b865004b44fe86200f89e143f639/M%C3%A5nadsrapport%20Nyregistreringar%20mars%202026.xlsx
XPENG,G9,EL,xpeng,g9,,False,2026-03-01,2026-03-01,38,84,,Mobility Sweden,https://mobilitysweden.se/storage/81E8AFE482952820F871DF61E1942405AEA9BAA33CB01B8B6DB077866E558013/43a58d8238c241c8a43e6efde0629b36/xlsx/media/ae97b865004b44fe86200f89e143f639/M%C3%A5nadsrapport%20Nyregistreringar%20mars%202026.xlsx
HYUNDAI,INSTER,EL,hyundai,inster,,False,2026-03-01,2026-03-01,20,84,,Mobility Sweden,https://mobilitysweden.se/storage/81E8AFE482952820F871DF61E1942405AEA9BAA33CB01B8B6DB077866E558013/43a58d8238c241c8a43e6efde0629b36/xlsx/media/ae97b865004b44fe86200f89e143f639/M%C3%A5nadsrapport%20Nyregistreringar%20mars%202026.xlsx
MERCEDES,GLB,EL,mercedes benz,glb,,False,2026-03-01,2026-03-01,77,77,,Mobility Sweden,https://mobilitysweden.se/storage/81E8AFE482952820F871DF61E1942405AEA9BAA33CB01B8B6DB077866E558013/43a58d8238c241c8a43e6efde0629b36/xlsx/media/ae97b865004b44fe86200f89e143f639/M%C3%A5nadsrapport%20Nyregistreringar%20mars%202026.xlsx
FORD,CAPRI,EL,ford,capri,,False,2026-03-01,2026-03-01,34,73,,Mobility Sweden,https://mobilitysweden.se/storage/81E8AFE482952820F871DF61E1942405AEA9BAA33CB01B8B6DB077866E558013/43a58d8238c241c8a43e6efde0629b36/xlsx/media/ae97b865004b44fe86200f89e143f639/M%C3%A5nadsrapport%20Nyregistreringar%20mars%202026.xlsx
CUPRA,TAVASCAN,EL,cupra,tavascan,,False,2026-03-01,2026-03-01,73,73,,Mobility Sweden,https://mobilitysweden.se/storage/81E8AFE482952820F871DF61E1942405AEA9BAA33CB01B8B6DB077866E558013/43a58d8238c241c8a43e6efde0629b36/xlsx/media/ae97b865004b44fe86200f89e143f639/M%C3%A5nadsrapport%20Nyregistreringar%20mars%202026.xlsx
MINI,ACEMAN,EL,mini,aceman,,False,2026-03-01,2026-03-01,24,66,,Mobility Sweden,https://mobilitysweden.se/storage/81E8AFE482952820F871DF61E1942405AEA9BAA33CB01B8B6DB077866E558013/43a58d8238c241c8a43e6efde0629b36/xlsx/media/ae97b865004b44fe86200f89e143f639/M%C3%A5nadsrapport%20Nyregistreringar%20mars%202026.xlsx
MINI,HATCH,EL,mini,hatch,,False,2026-03-01,2026-03-01,21,64,,Mobility Sweden,https://mobilitysweden.se/storage/81E8AFE482952820F871DF61E1942405AEA9BAA33CB01B8B6DB077866E558013/43a58d8238c241c8a43e6efde0629b36/xlsx/media/ae97b865004b44fe86200f89e143f639/M%C3%A5nadsrapport%20Nyregistreringar%20mars%202026.xlsx
HYUNDAI,IONIQ 9,EL,hyundai,ioniq 9,,False,2026-03-01,2026-03-01,25,60,,Mobility Sweden,https://mobilitysweden.se/storage/81E8AFE482952820F871DF61E1942405AEA9BAA33CB01B8B6DB077866E558013/43a58d8238c241c8a43e6efde0629b36/xlsx/media/ae97b865004b44fe86200f89e143f639/M%C3%A5nadsrapport%20Nyregistreringar%20mars%202026.xlsx
OPEL,CORSA,EL,opel,corsa,,False,2026-03-01,2026-03-01,17,59,,Mobility Sweden,https://mobilitysweden.se/storage/81E8AFE482952820F871DF61E1942405AEA9BAA33CB01B8B6DB077866E558013/43a58d8238c241c8a43e6efde0629b36/xlsx/media/ae97b865004b44fe86200f89e143f639/M%C3%A5nadsrapport%20Nyregistreringar%20mars%202026.xlsx
HYUNDAI,IONIQ 5,EL,hyundai,ioniq 5,,False,2026-03-01,2026-03-01,23,57,,Mobility Sweden,https://mobilitysweden.se/storage/81E8AFE482952820F871DF61E1942405AEA9BAA33CB01B8B6DB077866E558013/43a58d8238c241c8a43e6efde0629b36/xlsx/media/ae97b865004b44fe86200f89e143f639/M%C3%A5nadsrapport%20Nyregistreringar%20mars%202026.xlsx
NISSAN,MICRA,EL,nissan,micra,,False,2026-03-01,2026-03-01,3,55,,Mobility Sweden,https://mobilitysweden.se/storage/81E8AFE482952820F871DF61E1942405AEA9BAA33CB01B8B6DB077866E558013/43a58d8238c241c8a43e6efde0629b36/xlsx/media/ae97b865004b44fe86200f89e143f639/M%C3%A5nadsrapport%20Nyregistreringar%20mars%202026.xlsx
NISSAN,ARIYA,EL,nissan,ariya,,False,2026-03-01,2026-03-01,11,45,,Mobility Sweden,https://mobilitysweden.se/storage/81E8AFE482952820F871DF61E1942405AEA9BAA33CB01B8B6DB077866E558013/43a58d8238c241c8a43e6efde0629b36/xlsx/media/ae97b865004b44fe86200f89e143f639/M%C3%A5nadsrapport%20Nyregistreringar%20mars%202026.xlsx
KIA,PV5 PASSENGER,EL,kia,pv5 passenger,,False,2026-03-01,2026-03-01,15,43,,Mobility Sweden,https://mobilitysweden.se/storage/81E8AFE482952820F871DF61E1942405AEA9BAA33CB01B8B6DB077866E558013/43a58d8238c241c8a43e6efde0629b36/xlsx/media/ae97b865004b44fe86200f89e143f639/M%C3%A5nadsrapport%20Nyregistreringar%20mars%202026.xlsx
FORD,PUMA,EL,ford,puma,,False,2026-03-01,2026-03-01,20,41,,Mobility Sweden,https://mobilitysweden.se/storage/81E8AFE482952820F871DF61E1942405AEA9BAA33CB01B8B6DB077866E558013/43a58d8238c241c8a43e6efde0629b36/xlsx/media/ae97b865004b44fe86200f89e143f639/M%C3%A5nadsrapport%20Nyregistreringar%20mars%202026.xlsx
MERCEDES,EQS,EL,mercedes benz,eqs,,False,2026-03-01,2026-03-01,16,37,,Mobility Sweden,https://mobilitysweden.se/storage/81E8AFE482952820F871DF61E1942405AEA9BAA33CB01B8B6DB077866E558013/43a58d8238c241c8a43e6efde0629b36/xlsx/media/ae97b865004b44fe86200f89e143f639/M%C3%A5nadsrapport%20Nyregistreringar%20mars%202026.xlsx
ZEEKR,001,EL,zeekr,001,,False,2026-03-01,2026-03-01,4,36,,Mobility Sweden,https://mobilitysweden.se/storage/81E8AFE482952820F871DF61E1942405AEA9BAA33CB01B8B6DB077866E558013/43a58d8238c241c8a43e6efde0629b36/xlsx/media/ae97b865004b44fe86200f89e143f639/M%C3%A5nadsrapport%20Nyregistreringar%20mars%202026.xlsx
LYNK & CO,02,EL,lynk and co,02,,False,2026-03-01,2026-03-01,15,34,,Mobility Sweden,https://mobilitysweden.se/storage/81E8AFE482952820F871DF61E1942405AEA9BAA33CB01B8B6DB077866E558013/43a58d8238c241c8a43e6efde0629b36/xlsx/media/ae97b865004b44fe86200f89e143f639/M%C3%A5nadsrapport%20Nyregistreringar%20mars%202026.xlsx
PEUGEOT,5008,EL,peugeot,5008,,False,2026-03-01,2026-03-01,28,33,,Mobility Sweden,https://mobilitysweden.se/storage/81E8AFE482952820F871DF61E1942405AEA9BAA33CB01B8B6DB077866E558013/43a58d8238c241c8a43e6efde0629b36/xlsx/media/ae97b865004b44fe86200f89e143f639/M%C3%A5nadsrapport%20Nyregistreringar%20mars%202026.xlsx
PEUGEOT,3008,EL,peugeot,3008,,False,2026-03-01,2026-03-01,18,32,,Mobility Sweden,https://mobilitysweden.se/storage/81E8AFE482952820F871DF61E1942405AEA9BAA33CB01B8B6DB077866E558013/43a58d8238c241c8a43e6efde0629b36/xlsx/media/ae97b865004b44fe86200f89e143f639/M%C3%A5nadsrapport%20Nyregistreringar%20mars%202026.xlsx
CITROEN,C3 AIRCROSS,EL,citroen,c3 aircross,,False,2026-03-01,2026-03-01,12,31,,Mobility Sweden,https://mobilitysweden.se/storage/81E8AFE482952820F871DF61E1942405AEA9BAA33CB01B8B6DB077866E558013/43a58d8238c241c8a43e6efde0629b36/xlsx/media/ae97b865004b44fe86200f89e143f639/M%C3%A5nadsrapport%20Nyregistreringar%20mars%202026.xlsx
HYUNDAI,KONA,EL,hyundai,kona,,False,2026-03-01,2026-03-01,5,31,,Mobility Sweden,https://mobilitysweden.se/storage/81E8AFE482952820F871DF61E1942405AEA9BAA33CB01B8B6DB077866E558013/43a58d8238c241c8a43e6efde0629b36/xlsx/media/ae97b865004b44fe86200f89e143f639/M%C3%A5nadsrapport%20Nyregistreringar%20mars%202026.xlsx
BYD,SEALION,EL,byd,sealion,,False,2026-03-01,2026-03-01,7,24,,Mobility Sweden,https://mobilitysweden.se/storage/81E8AFE482952820F871DF61E1942405AEA9BAA33CB01B8B6DB077866E558013/43a58d8238c241c8a43e6efde0629b36/xlsx/media/ae97b865004b44fe86200f89e143f639/M%C3%A5nadsrapport%20Nyregistreringar%20mars%202026.xlsx
MG,S5 EV,EL,mg,s5 ev,,False,2026-03-01,2026-03-01,8,19,,Mobility Sweden,https://mobilitysweden.se/storage/81E8AFE482952820F871DF61E1942405AEA9BAA33CB01B8B6DB077866E558013/43a58d8238c241c8a43e6efde0629b36/xlsx/media/ae97b865004b44fe86200f89e143f639/M%C3%A5nadsrapport%20Nyregistreringar%20mars%202026.xlsx
OPEL,FRONTERA,EL,opel,frontera,,False,2026-03-01,2026-03-01,9,19,,Mobility Sweden,https://mobilitysweden.se/storage/81E8AFE482952820F871DF61E1942405AEA9BAA33CB01B8B6DB077866E558013/43a58d8238c241c8a43e6efde0629b36/xlsx/media/ae97b865004b44fe86200f89e143f639/M%C3%A5nadsrapport%20Nyregistreringar%20mars%202026.xlsx
PORSCHE,TAYCAN,EL,porsche,taycan,,False,2026-03-01,2026-03-01,7,18,,Mobility Sweden,https://mobilitysweden.se/storage/81E8AFE482952820F871DF61E1942405AEA9BAA33CB01B8B6DB077866E558013/43a58d8238c241c8a43e6efde0629b36/xlsx/media/ae97b865004b44fe86200f89e143f639/M%C3%A5nadsrapport%20Nyregistreringar%20mars%202026.xlsx
ALFA,ROMEO JUNIOR,EL,alfa,romeo junior,,False,2026-03-01,2026-03-01,5,18,,Mobility Sweden,https://mobilitysweden.se/storage/81E8AFE482952820F871DF61E1942405AEA9BAA33CB01B8B6DB077866E558013/43a58d8238c241c8a43e6efde0629b36/xlsx/media/ae97b865004b44fe86200f89e143f639/M%C3%A5nadsrapport%20Nyregistreringar%20mars%202026.xlsx
POLESTAR,5,EL,polestar,5,,False,2026-03-01,2026-03-01,16,16,,Mobility Sweden,https://mobilitysweden.se/storage/81E8AFE482952820F871DF61E1942405AEA9BAA33CB01B8B6DB077866E558013/43a58d8238c241c8a43e6efde0629b36/xlsx/media/ae97b865004b44fe86200f89e143f639/M%C3%A5nadsrapport%20Nyregistreringar%20mars%202026.xlsx
LEAPMOTOR,B10,EL,leapmotor,b10,,False,2026-03-01,2026-03-01,16,16,,Mobility Sweden,https://mobilitysweden.se/storage/81E8AFE482952820F871DF61E1942405AEA9BAA33CB01B8B6DB077866E558013/43a58d8238c241c8a43e6efde0629b36/xlsx/media/ae97b865004b44fe86200f89e143f639/M%C3%A5nadsrapport%20Nyregistreringar%20mars%202026.xlsx
BYD,ATTO 2,EL,byd,atto 2,,False,2026-03-01,2026-03-01,16,16,,Mobility Sweden,https://mobilitysweden.se/storage/81E8AFE482952820F871DF61E1942405AEA9BAA33CB01B8B6DB077866E558013/43a58d8238c241c8a43e6efde0629b36/xlsx/media/ae97b865004b44fe86200f89e143f639/M%C3%A5nadsrapport%20Nyregistreringar%20mars%202026.xlsx
SMART,#1,EL,smart,1,,False,2026-03-01,2026-03-01,14,15,,Mobility Sweden,https://mobilitysweden.se/storage/81E8AFE482952820F871DF61E1942405AEA9BAA33CB01B8B6DB077866E558013/43a58d8238c241c8a43e6efde0629b36/xlsx/media/ae97b865004b44fe86200f89e143f639/M%C3%A5nadsrapport%20Nyregistreringar%20mars%202026.xlsx
BYD,ATTO 3,EL,byd,atto 3,,False,2026-03-01,2026-03-01,14,14,,Mobility Sweden,https://mobilitysweden.se/storage/81E8AFE482952820F871DF61E1942405AEA9BAA33CB01B8B6DB077866E558013/43a58d8238c241c8a43e6efde0629b36/xlsx/media/ae97b865004b44fe86200f89e143f639/M%C3%A5nadsrapport%20Nyregistreringar%20mars%202026.xlsx
PEUGEOT,EXPERT,EL,peugeot,expert,,False,2026-03-01,2026-03-01,3,14,,Mobility Sweden,https://mobilitysweden.se/storage/81E8AFE482952820F871DF61E1942405AEA9BAA33CB01B8B6DB077866E558013/43a58d8238c241c8a43e6efde0629b36/xlsx/media/ae97b865004b44fe86200f89e143f639/M%C3%A5nadsrapport%20Nyregistreringar%20mars%202026.xlsx
MERCEDES,G WAGON,EL,mercedes benz,g wagon,,False,2026-03-01,2026-03-01,5,13,,Mobility Sweden,https://mobilitysweden.se/storage/81E8AFE482952820F871DF61E1942405AEA9BAA33CB01B8B6DB077866E558013/43a58d8238c241c8a43e6efde0629b36/xlsx/media/ae97b865004b44fe86200f89e143f639/M%C3%A5nadsrapport%20Nyregistreringar%20mars%202026.xlsx
PEUGEOT,208,EL,peugeot,208,,False,2026-03-01,2026-03-01,10,13,,Mobility Sweden,https://mobilitysweden.se/storage/81E8AFE482952820F871DF61E1942405AEA9BAA33CB01B8B6DB077866E558013/43a58d8238c241c8a43e6efde0629b36/xlsx/media/ae97b865004b44fe86200f89e143f639/M%C3%A5nadsrapport%20Nyregistreringar%20mars%202026.xlsx
BYD,DOLPHIN,EL,byd,dolphin,,False,2026-03-01,2026-03-01,5,13,,Mobility Sweden,https://mobilitysweden.se/storage/81E8AFE482952820F871DF61E1942405AEA9BAA33CB01B8B6DB077866E558013/43a58d8238c241c8a43e6efde0629b36/xlsx/media/ae97b865004b44fe86200f89e143f639/M%C3%A5nadsrapport%20Nyregistreringar%20mars%202026.xlsx
SMART,#5,EL,smart,5,,False,2026-03-01,2026-03-01,5,12,,Mobility Sweden,https://mobilitysweden.se/storage/81E8AFE482952820F871DF61E1942405AEA9BAA33CB01B8B6DB077866E558013/43a58d8238c241c8a43e6efde0629b36/xlsx/media/ae97b865004b44fe86200f89e143f639/M%C3%A5nadsrapport%20Nyregistreringar%20mars%202026.xlsx
PEUGEOT,2008,EL,peugeot,2008,,False,2026-03-01,2026-03-01,10,12,,Mobility Sweden,https://mobilitysweden.se/storage/81E8AFE482952820F871DF61E1942405AEA9BAA33CB01B8B6DB077866E558013/43a58d8238c241c8a43e6efde0629b36/xlsx/media/ae97b865004b44fe86200f89e143f639/M%C3%A5nadsrapport%20Nyregistreringar%20mars%202026.xlsx
FIAT,600,EL,fiat,600,,False,2026-03-01,2026-03-01,6,12,,Mobility Sweden,https://mobilitysweden.se/storage/81E8AFE482952820F871DF61E1942405AEA9BAA33CB01B8B6DB077866E558013/43a58d8238c241c8a43e6efde0629b36/xlsx/media/ae97b865004b44fe86200f89e143f639/M%C3%A5nadsrapport%20Nyregistreringar%20mars%202026.xlsx
OPEL,GRANDLAND,EL,opel,grandland,,False,2026-03-01,2026-03-01,9,11,,Mobility Sweden,https://mobilitysweden.se/storage/81E8AFE482952820F871DF61E1942405AEA9BAA33CB01B8B6DB077866E558013/43a58d8238c241c8a43e6efde0629b36/xlsx/media/ae97b865004b44fe86200f89e143f639/M%C3%A5nadsrapport%20Nyregistreringar%20mars%202026.xlsx
CITROEN,C3,EL,citroen,c3,,False,2026-03-01,2026-03-01,5,11,,Mobility Sweden,https://mobilitysweden.se/storage/81E8AFE482952820F871DF61E1942405AEA9BAA33CB01B8B6DB077866E558013/43a58d8238c241c8a43e6efde0629b36/xlsx/media/ae97b865004b44fe86200f89e143f639/M%C3%A5nadsrapport%20Nyregistreringar%20mars%202026.xlsx
SUZUKI,E VITARA,EL,suzuki,e vitara,,False,2026-03-01,2026-03-01,2,11,,Mobility Sweden,https://mobilitysweden.se/storage/81E8AFE482952820F871DF61E1942405AEA9BAA33CB01B8B6DB077866E558013/43a58d8238c241c8a43e6efde0629b36/xlsx/media/ae97b865004b44fe86200f89e143f639/M%C3%A5nadsrapport%20Nyregistreringar%20mars%202026.xlsx
VW,CARAVELLE,EL,volkswagen,caravelle,,False,2026-03-01,2026-03-01,9,11,,Mobility Sweden,https://mobilitysweden.se/storage/81E8AFE482952820F871DF61E1942405AEA9BAA33CB01B8B6DB077866E558013/43a58d8238c241c8a43e6efde0629b36/xlsx/media/ae97b865004b44fe86200f89e143f639/M%C3%A5nadsrapport%20Nyregistreringar%20mars%202026.xlsx
POLESTAR,YSM,EL,polestar,ysm,,False,2026-03-01,2026-03-01,6,10,,Mobility Sweden,https://mobilitysweden.se/storage/81E8AFE482952820F871DF61E1942405AEA9BAA33CB01B8B6DB077866E558013/43a58d8238c241c8a43e6efde0629b36/xlsx/media/ae97b865004b44fe86200f89e143f639/M%C3%A5nadsrapport%20Nyregistreringar%20mars%202026.xlsx
CITROEN,C5 AIRCROSS,EL,citroen,c5 aircross,,False,2026-03-01,2026-03-01,6,9,,Mobility Sweden,https://mobilitysweden.se/storage/81E8AFE482952820F871DF61E1942405AEA9BAA33CB01B8B6DB077866E558013/43a58d8238c241c8a43e6efde0629b36/xlsx/media/ae97b865004b44fe86200f89e143f639/M%C3%A5nadsrapport%20Nyregistreringar%20mars%202026.xlsx
MERCEDES,CITAN,EL,mercedes benz,citan,,False,2026-03-01,2026-03-01,5,9,,Mobility Sweden,https://mobilitysweden.se/storage/81E8AFE482952820F871DF61E1942405AEA9BAA33CB01B8B6DB077866E558013/43a58d8238c241c8a43e6efde0629b36/xlsx/media/ae97b865004b44fe86200f89e143f639/M%C3%A5nadsrapport%20Nyregistreringar%20mars%202026.xlsx
LOTUS,ELETRE,EL,lotus,eletre,,False,2026-03-01,2026-03-01,7,9,,Mobility Sweden,https://mobilitysweden.se/storage/81E8AFE482952820F871DF61E1942405AEA9BAA33CB01B8B6DB077866E558013/43a58d8238c241c8a43e6efde0629b36/xlsx/media/ae97b865004b44fe86200f89e143f639/M%C3%A5nadsrapport%20Nyregistreringar%20mars%202026.xlsx
TESLA,MODEL X,EL,tesla,model x,,False,2026-03-01,2026-03-01,3,8,,Mobility Sweden,https://mobilitysweden.se/storage/81E8AFE482952820F871DF61E1942405AEA9BAA33CB01B8B6DB077866E558013/43a58d8238c241c8a43e6efde0629b36/xlsx/media/ae97b865004b44fe86200f89e143f639/M%C3%A5nadsrapport%20Nyregistreringar%20mars%202026.xlsx
JEEP,AVENGER,EL,jeep,avenger,,False,2026-03-01,2026-03-01,5,8,,Mobility Sweden,https://mobilitysweden.se/storage/81E8AFE482952820F871DF61E1942405AEA9BAA33CB01B8B6DB077866E558013/43a58d8238c241c8a43e6efde0629b36/xlsx/media/ae97b865004b44fe86200f89e143f639/M%C3%A5nadsrapport%20Nyregistreringar%20mars%202026.xlsx
KIA,EV2,EL,kia,ev2,,False,2026-03-01,2026-03-01,6,6,,Mobility Sweden,https://mobilitysweden.se/storage/81E8AFE482952820F871DF61E1942405AEA9BAA33CB01B8B6DB077866E558013/43a58d8238c241c8a43e6efde0629b36/xlsx/media/ae97b865004b44fe86200f89e143f639/M%C3%A5nadsrapport%20Nyregistreringar%20mars%202026.xlsx
SMART,#3,EL,smart,3,,False,2026-03-01,2026-03-01,6,6,,Mobility Sweden,https://mobilitysweden.se/storage/81E8AFE482952820F871DF61E1942405AEA9BAA33CB01B8B6DB077866E558013/43a58d8238c241c8a43e6efde0629b36/xlsx/media/ae97b865004b44fe86200f89e143f639/M%C3%A5nadsrapport%20Nyregistreringar%20mars%202026.xlsx
CITROEN,SPACETOURER,EL,citroen,spacetourer,,False,2026-03-01,2026-03-01,5,6,,Mobility Sweden,https://mobilitysweden.se/storage/81E8AFE482952820F871DF61E1942405AEA9BAA33CB01B8B6DB077866E558013/43a58d8238c241c8a43e6efde0629b36/xlsx/media/ae97b865004b44fe86200f89e143f639/M%C3%A5nadsrapport%20Nyregistreringar%20mars%202026.xlsx
BMW,I7,EL,bmw,i7,,False,2026-03-01,2026-03-01,2,5,,Mobility Sweden,https://mobilitysweden.se/storage/81E8AFE482952820F871DF61E1942405AEA9BAA33CB01B8B6DB077866E558013/43a58d8238c241c8a43e6efde0629b36/xlsx/media/ae97b865004b44fe86200f89e143f639/M%C3%A5nadsrapport%20Nyregistreringar%20mars%202026.xlsx
FIAT,PANDA,EL,fiat,panda,,False,2026-03-01,2026-03-01,2,5,,Mobility Sweden,https://mobilitysweden.se/storage/81E8AFE482952820F871DF61E1942405AEA9BAA33CB01B8B6DB077866E558013/43a58d8238c241c8a43e6efde0629b36/xlsx/media/ae97b865004b44fe86200f89e143f639/M%C3%A5nadsrapport%20Nyregistreringar%20mars%202026.xlsx
JEEP,COMPASS,EL,jeep,compass,,False,2026-03-01,2026-03-01,4,5,,Mobility Sweden,https://mobilitysweden.se/storage/81E8AFE482952820F871DF61E1942405AEA9BAA33CB01B8B6DB077866E558013/43a58d8238c241c8a43e6efde0629b36/xlsx/media/ae97b865004b44fe86200f89e143f639/M%C3%A5nadsrapport%20Nyregistreringar%20mars%202026.xlsx
TESLA,MODEL S,EL,tesla,model s,,False,2026-03-01,2026-03-01,2,5,,Mobility Sweden,https://mobilitysweden.se/storage/81E8AFE482952820F871DF61E1942405AEA9BAA33CB01B8B6DB077866E558013/43a58d8238c241c8a43e6efde0629b36/xlsx/media/ae97b865004b44fe86200f89e143f639/M%C3%A5nadsrapport%20Nyregistreringar%20mars%202026.xlsx
SSANGYONG,TORRES,EL,ssangyong,torres,,False,2026-03-01,2026-03-01,2,5,,Mobility Sweden,https://mobilitysweden.se/storage/81E8AFE482952820F871DF61E1942405AEA9BAA33CB01B8B6DB077866E558013/43a58d8238c241c8a43e6efde0629b36/xlsx/media/ae97b865004b44fe86200f89e143f639/M%C3%A5nadsrapport%20Nyregistreringar%20mars%202026.xlsx
LEAPMOTOR,C10,EL,leapmotor,c10,,False,2026-03-01,2026-03-01,4,4,,Mobility Sweden,https://mobilitysweden.se/storage/81E8AFE482952820F871DF61E1942405AEA9BAA33CB01B8B6DB077866E558013/43a58d8238c241c8a43e6efde0629b36/xlsx/media/ae97b865004b44fe86200f89e143f639/M%C3%A5nadsrapport%20Nyregistreringar%20mars%202026.xlsx
FORD,MUSTANG MACH-E,EL,ford,mustang mach e,,False,2026-03-01,2026-03-01,1,4,,Mobility Sweden,https://mobilitysweden.se/storage/81E8AFE482952820F871DF61E1942405AEA9BAA33CB01B8B6DB077866E558013/43a58d8238c241c8a43e6efde0629b36/xlsx/media/ae97b865004b44fe86200f89e143f639/M%C3%A5nadsrapport%20Nyregistreringar%20mars%202026.xlsx
MERCEDES,V-KLASS,EL,mercedes benz,v klass,,False,2026-03-01,2026-03-01,3,4,,Mobility Sweden,https://mobilitysweden.se/storage/81E8AFE482952820F871DF61E1942405AEA9BAA33CB01B8B6DB077866E558013/43a58d8238c241c8a43e6efde0629b36/xlsx/media/ae97b865004b44fe86200f89e143f639/M%C3%A5nadsrapport%20Nyregistreringar%20mars%202026.xlsx
MERCEDES,VITO,EL,mercedes benz,vito,,False,2026-03-01,2026-03-01,1,4,,Mobility Sweden,https://mobilitysweden.se/storage/81E8AFE482952820F871DF61E1942405AEA9BAA33CB01B8B6DB077866E558013/43a58d8238c241c8a43e6efde0629b36/xlsx/media/ae97b865004b44fe86200f89e143f639/M%C3%A5nadsrapport%20Nyregistreringar%20mars%202026.xlsx
MERCEDES,EQT,EL,mercedes benz,eqt,,False,2026-03-01,2026-03-01,3,3,,Mobility Sweden,https://mobilitysweden.se/storage/81E8AFE482952820F871DF61E1942405AEA9BAA33CB01B8B6DB077866E558013/43a58d8238c241c8a43e6efde0629b36/xlsx/media/ae97b865004b44fe86200f89e143f639/M%C3%A5nadsrapport%20Nyregistreringar%20mars%202026.xlsx
CADILLAC,LYRIQ,EL,cadillac,lyriq,,False,2026-03-01,2026-03-01,2,3,,Mobility Sweden,https://mobilitysweden.se/storage/81E8AFE482952820F871DF61E1942405AEA9BAA33CB01B8B6DB077866E558013/43a58d8238c241c8a43e6efde0629b36/xlsx/media/ae97b865004b44fe86200f89e143f639/M%C3%A5nadsrapport%20Nyregistreringar%20mars%202026.xlsx
OPEL,MOKKA,EL,opel,mokka,,False,2026-03-01,2026-03-01,1,3,,Mobility Sweden,https://mobilitysweden.se/storage/81E8AFE482952820F871DF61E1942405AEA9BAA33CB01B8B6DB077866E558013/43a58d8238c241c8a43e6efde0629b36/xlsx/media/ae97b865004b44fe86200f89e143f639/M%C3%A5nadsrapport%20Nyregistreringar%20mars%202026.xlsx
DS,N° 8,EL,ds,n 8,,False,2026-03-01,2026-03-01,2,2,,Mobility Sweden,https://mobilitysweden.se/storage/81E8AFE482952820F871DF61E1942405AEA9BAA33CB01B8B6DB077866E558013/43a58d8238c241c8a43e6efde0629b36/xlsx/media/ae97b865004b44fe86200f89e143f639/M%C3%A5nadsrapport%20Nyregistreringar%20mars%202026.xlsx
CADILLAC,OPTIQ,EL,cadillac,optiq,,False,2026-03-01,2026-03-01,1,2,,Mobility Sweden,https://mobilitysweden.se/storage/81E8AFE482952820F871DF61E1942405AEA9BAA33CB01B8B6DB077866E558013/43a58d8238c241c8a43e6efde0629b36/xlsx/media/ae97b865004b44fe86200f89e143f639/M%C3%A5nadsrapport%20Nyregistreringar%20mars%202026.xlsx
AUDI,E-TRON GT,EL,audi,e tron gt,,False,2026-03-01,2026-03-01,2,2,,Mobility Sweden,https://mobilitysweden.se/storage/81E8AFE482952820F871DF61E1942405AEA9BAA33CB01B8B6DB077866E558013/43a58d8238c241c8a43e6efde0629b36/xlsx/media/ae97b865004b44fe86200f89e143f639/M%C3%A5nadsrapport%20Nyregistreringar%20mars%202026.xlsx
XPENG,P7,EL,xpeng,p7,,False,2026-03-01,2026-03-01,1,2,,Mobility Sweden,https://mobilitysweden.se/storage/81E8AFE482952820F871DF61E1942405AEA9BAA33CB01B8B6DB077866E558013/43a58d8238c241c8a43e6efde0629b36/xlsx/media/ae97b865004b44fe86200f89e143f639/M%C3%A5nadsrapport%20Nyregistreringar%20mars%202026.xlsx
VW,ID.5,EL,volkswagen,id 5,,False,2026-03-01,2026-03-01,1,2,,Mobility Sweden,https://mobilitysweden.se/storage/81E8AFE482952820F871DF61E1942405AEA9BAA33CB01B8B6DB077866E558013/43a58d8238c241c8a43e6efde0629b36/xlsx/media/ae97b865004b44fe86200f89e143f639/M%C3%A5nadsrapport%20Nyregistreringar%20mars%202026.xlsx
FORD,TRANSIT CUSTOM,EL,ford,transit custom,,False,2026-03-01,2026-03-01,2,2,,Mobility Sweden,https://mobilitysweden.se/storage/81E8AFE482952820F871DF61E1942405AEA9BAA33CB01B8B6DB077866E558013/43a58d8238c241c8a43e6efde0629b36/xlsx/media/ae97b865004b44fe86200f89e143f639/M%C3%A5nadsrapport%20Nyregistreringar%20mars%202026.xlsx
LEAPMOTOR,T03,EL,leapmotor,t03,,False,2026-03-01,2026-03-01,1,2,,Mobility Sweden,https://mobilitysweden.se/storage/81E8AFE482952820F871DF61E1942405AEA9BAA33CB01B8B6DB077866E558013/43a58d8238c241c8a43e6efde0629b36/xlsx/media/ae97b865004b44fe86200f89e143f639/M%C3%A5nadsrapport%20Nyregistreringar%20mars%202026.xlsx
FORD,TOURNEO CUSTOM,EL,ford,tourneo custom,,False,2026-03-01,2026-03-01,1,2,,Mobility Sweden,https://mobilitysweden.se/storage/81E8AFE482952820F871DF61E1942405AEA9BAA33CB01B8B6DB077866E558013/43a58d8238c241c8a43e6efde0629b36/xlsx/media/ae97b865004b44fe86200f89e143f639/M%C3%A5nadsrapport%20Nyregistreringar%20mars%202026.xlsx
TOYOTA,PROACE,EL,toyota,proace,,False,2026-03-01,2026-03-01,1,2,,Mobility Sweden,https://mobilitysweden.se/storage/81E8AFE482952820F871DF61E1942405AEA9BAA33CB01B8B6DB077866E558013/43a58d8238c241c8a43e6efde0629b36/xlsx/media/ae97b865004b44fe86200f89e143f639/M%C3%A5nadsrapport%20Nyregistreringar%20mars%202026.xlsx
MG,CYBERSTER,EL,mg,cyberster,,False,2026-03-01,2026-03-01,1,1,,Mobility Sweden,https://mobilitysweden.se/storage/81E8AFE482952820F871DF61E1942405AEA9BAA33CB01B8B6DB077866E558013/43a58d8238c241c8a43e6efde0629b36/xlsx/media/ae97b865004b44fe86200f89e143f639/M%C3%A5nadsrapport%20Nyregistreringar%20mars%202026.xlsx
ÖVRIGA,FABRIKAT,EL,ovriga,fabrikat,,False,2026-03-01,2026-03-01,2,12,,Mobility Sweden,https://mobilitysweden.se/storage/81E8AFE482952820F871DF61E1942405AEA9BAA33CB01B8B6DB077866E558013/43a58d8238c241c8a43e6efde0629b36/xlsx/media/ae97b865004b44fe86200f89e143f639/M%C3%A5nadsrapport%20Nyregistreringar%20mars%202026.xlsx
